{
  "i18n/i18n.properties": 1725727589789,
  "Component.js": 1725727589785,
  "model/data.json": 1725945390161,
  "controller/sa.controller.js": 1725869885824,
  "controller/rms.controller.js": 1725877454279,
  "controller/homepage.controller.js": 1725781185987,
  "controller/createRms.controller.js": 1725895152843,
  "controller/App.controller.js": 1725727589801,
  "manifest.json": 1725962797560,
  "model/models.js": 1725727589789,
  "controller/App-dbg.controller.js": 1725727589801,
  "controller/App.controller.js.map": 1725962797861,
  "controller/sa-dbg.controller.js": 1725869885824,
  "controller/sa.controller.js.map": 1725962797916,
  "controller/rms-dbg.controller.js": 1725877454279,
  "controller/rms.controller.js.map": 1725962797872,
  "controller/homepage-dbg.controller.js": 1725781185987,
  "controller/homepage.controller.js.map": 1725962797875,
  "controller/createRms-dbg.controller.js": 1725895152843,
  "controller/createRms.controller.js.map": 1725962797892,
  "Component-dbg.js": 1725727589785,
  "Component.js.map": 1725962797876,
  "model/models-dbg.js": 1725727589789,
  "model/models.js.map": 1725962797884,
  "Component-preload.js": 1725962798286,
  "Component-preload.js.map": 1725962798286,
  "view/sa.view.xml": 1725877344683,
  "view/rms.view.xml": 1725897049457,
  "view/homepage.view.xml": 1725780228708,
  "view/createRms.view.xml": 1725888960221,
  "view/App.view.xml": 1725727589801,
  "css/style.css": 1725877788658,
  "index.html": 1725727589785
}